{
  "results": [
    {
      "command": "code/decoder/build/tools/dav1d -i code/tvav.obu -o /dev/null --threads 1",
      "mean": 307.6391268935134,
      "stddev": 31.524146288311297,
      "median": 293.96858600318,
      "user": 289.66125198000003,
      "system": 1.6409080666666664,
      "min": 285.25780901918,
      "max": 343.69098565818,
      "times": [
        285.25780901918,
        293.96858600318,
        343.69098565818
      ],
      "exit_codes": [
        0,
        0,
        0
      ]
    }
  ]
}
