{
  "results": [
    {
      "command": "code/decoder/build/tools/dav1d -i code/tvav.obu -o /dev/null --threads 1",
      "mean": 277.4408758324334,
      "stddev": 18.61455162659888,
      "median": 282.1064509101,
      "user": 260.46098685333334,
      "system": 1.7448673799999999,
      "min": 256.9373470001,
      "max": 293.2788295871,
      "times": [
        282.1064509101,
        256.9373470001,
        293.2788295871
      ],
      "exit_codes": [
        0,
        0,
        0
      ]
    }
  ]
}
