{
  "results": [
    {
      "command": "code/decoder/build/tools/dav1d -i code/tvav.obu -o /dev/null --threads 1",
      "mean": 276.30360513722,
      "stddev": 3.4251132277281977,
      "median": 274.90810051322,
      "user": 262.60947789999994,
      "system": 1.5498689199999998,
      "min": 273.79654454422,
      "max": 280.20617035422003,
      "times": [
        274.90810051322,
        280.20617035422003,
        273.79654454422
      ],
      "exit_codes": [
        0,
        0,
        0
      ]
    }
  ]
}
