{
  "results": [
    {
      "command": "code/decoder/build/tools/dav1d -i code/tvav.obu -o /dev/null --threads 1",
      "mean": 279.8698969506467,
      "stddev": 11.159559429013067,
      "median": 276.34670537698,
      "user": 265.4804143933333,
      "system": 1.5459922066666667,
      "min": 270.89715030298004,
      "max": 292.36583517198005,
      "times": [
        270.89715030298004,
        276.34670537698,
        292.36583517198005
      ],
      "exit_codes": [
        0,
        0,
        0
      ]
    }
  ]
}
