{
  "results": [
    {
      "command": "code/decoder/build/tools/dav1d -i code/tvav.obu -o /dev/null --threads 1",
      "mean": 264.49067283054666,
      "stddev": 3.3977259574128955,
      "median": 264.92313798787995,
      "user": 250.65071891333332,
      "system": 1.5742061200000002,
      "min": 260.89741906487995,
      "max": 267.65146143887995,
      "times": [
        267.65146143887995,
        264.92313798787995,
        260.89741906487995
      ],
      "exit_codes": [
        0,
        0,
        0
      ]
    }
  ]
}
