{
  "results": [
    {
      "command": "code/decoder/build/tools/dav1d -i code/tvav.obu -o /dev/null --threads 1",
      "mean": 272.2273091989,
      "stddev": 3.912766668707025,
      "median": 273.24722257689996,
      "user": 252.00353923333333,
      "system": 1.5688537733333332,
      "min": 267.9055844779,
      "max": 275.5291205419,
      "times": [
        267.9055844779,
        273.24722257689996,
        275.5291205419
      ],
      "exit_codes": [
        0,
        0,
        0
      ]
    }
  ]
}
