{
  "results": [
    {
      "command": "code/decoder/build/tools/dav1d -i code/tvav.obu -o /dev/null --threads 1",
      "mean": 408.41028612132,
      "stddev": 5.9400880361596995,
      "median": 409.09649044932,
      "user": 376.96883656,
      "system": 1.79538118,
      "min": 402.15689728131997,
      "max": 413.97747063331997,
      "times": [
        409.09649044932,
        413.97747063331997,
        402.15689728131997
      ],
      "exit_codes": [
        0,
        0,
        0
      ]
    }
  ]
}
