{
  "results": [
    {
      "command": "code/decoder/build/tools/dav1d -i code/tvav.obu -o /dev/null --threads 1",
      "mean": 552.7931713508933,
      "stddev": 19.11145933260582,
      "median": 541.87658146156,
      "user": 511.35871156666667,
      "system": 2.52132866,
      "min": 541.64216388056,
      "max": 574.86076871056,
      "times": [
        574.86076871056,
        541.87658146156,
        541.64216388056
      ],
      "exit_codes": [
        0,
        0,
        0
      ]
    }
  ]
}
