{
  "results": [
    {
      "command": "code/decoder/build/tools/dav1d -i code/tvav.obu -o /dev/null --threads 1",
      "mean": 569.09059141128,
      "stddev": 9.140469574248716,
      "median": 571.93883234128,
      "user": 520.95717422,
      "system": 2.5204318999999997,
      "min": 558.8651172582801,
      "max": 576.4678246342801,
      "times": [
        558.8651172582801,
        571.93883234128,
        576.4678246342801
      ],
      "exit_codes": [
        0,
        0,
        0
      ]
    }
  ]
}
