{
  "results": [
    {
      "command": "code/decoder/build/tools/dav1d -i code/tvav.obu -o /dev/null --threads 1",
      "mean": 555.7261955646132,
      "stddev": 4.4164319966177805,
      "median": 553.36116156528,
      "user": 525.8030442066666,
      "system": 2.520057806666667,
      "min": 552.9959344952799,
      "max": 560.82149063328,
      "times": [
        553.36116156528,
        552.9959344952799,
        560.82149063328
      ],
      "exit_codes": [
        0,
        0,
        0
      ]
    }
  ]
}
