{
  "results": [
    {
      "command": "code/decoder/build/tools/dav1d -i code/tvav.obu -o /dev/null --threads 1",
      "mean": 415.62978917052004,
      "stddev": 9.626286656242772,
      "median": 421.01785500252004,
      "user": 374.8871283133333,
      "system": 2.3611081200000004,
      "min": 404.51602022952,
      "max": 421.35549227952004,
      "times": [
        404.51602022952,
        421.01785500252004,
        421.35549227952004
      ],
      "exit_codes": [
        0,
        0,
        0
      ]
    }
  ]
}
