{
  "results": [
    {
      "command": "code/decoder/build/tools/dav1d -i code/tvav.obu -o /dev/null --threads 1",
      "mean": 393.1574259778133,
      "stddev": 12.184805519954978,
      "median": 398.33081431748,
      "user": 351.7263833133333,
      "system": 2.321760193333333,
      "min": 379.23951274848,
      "max": 401.90195086748,
      "times": [
        379.23951274848,
        401.90195086748,
        398.33081431748
      ],
      "exit_codes": [
        0,
        0,
        0
      ]
    }
  ]
}
