{
  "results": [
    {
      "command": "code/decoder/build/tools/dav1d -i code/tvav.obu -o /dev/null --threads 1",
      "mean": 384.7540076187,
      "stddev": 24.116854730766093,
      "median": 373.5041799517,
      "user": 349.1026802733333,
      "system": 2.2456748533333335,
      "min": 368.3175589557,
      "max": 412.44028394869997,
      "times": [
        373.5041799517,
        412.44028394869997,
        368.3175589557
      ],
      "exit_codes": [
        0,
        0,
        0
      ]
    }
  ]
}
