{
  "results": [
    {
      "command": "code/decoder/build/tools/dav1d -i code/tvav.obu -o /dev/null --threads 1",
      "mean": 373.41236641135333,
      "stddev": 8.652580260898407,
      "median": 371.32083622202,
      "user": 335.4896742733333,
      "system": 2.3405745733333334,
      "min": 365.99726445402,
      "max": 382.91899855802,
      "times": [
        365.99726445402,
        371.32083622202,
        382.91899855802
      ],
      "exit_codes": [
        0,
        0,
        0
      ]
    }
  ]
}
