{
  "results": [
    {
      "command": "code/decoder/build/tools/dav1d -i code/tvav.obu -o /dev/null --threads 1",
      "mean": 353.9170373550267,
      "stddev": 7.376152294730237,
      "median": 349.72037293736,
      "user": 327.59819416,
      "system": 2.0287121466666664,
      "min": 349.59675378636,
      "max": 362.43398534136,
      "times": [
        349.72037293736,
        362.43398534136,
        349.59675378636
      ],
      "exit_codes": [
        0,
        0,
        0
      ]
    }
  ]
}
