{
  "results": [
    {
      "command": "code/decoder/build/tools/dav1d -i code/tvav.obu -o /dev/null --threads 1",
      "mean": 355.3488602833933,
      "stddev": 25.146279290490558,
      "median": 344.73909200206003,
      "user": 321.45803432,
      "system": 2.3404391399999995,
      "min": 337.24626752206,
      "max": 384.06122132606004,
      "times": [
        337.24626752206,
        344.73909200206003,
        384.06122132606004
      ],
      "exit_codes": [
        0,
        0,
        0
      ]
    }
  ]
}
