{
  "results": [
    {
      "command": "code/decoder/build/tools/dav1d -i code/tvav.obu -o /dev/null --threads 1",
      "mean": 339.61817763696,
      "stddev": 3.3229660958864455,
      "median": 340.38249175196,
      "user": 314.09602249999995,
      "system": 2.216250113333333,
      "min": 335.97964657996,
      "max": 342.49239457896,
      "times": [
        335.97964657996,
        340.38249175196,
        342.49239457896
      ],
      "exit_codes": [
        0,
        0,
        0
      ]
    }
  ]
}
