{
  "results": [
    {
      "command": "code/decoder/build/tools/dav1d -i code/tvav.obu -o /dev/null --threads 1",
      "mean": 548.6989810982,
      "stddev": 4.206770835153686,
      "median": 546.7387525132,
      "user": 502.35793936000005,
      "system": 2.3177350066666667,
      "min": 545.8300632032,
      "max": 553.5281275782,
      "times": [
        545.8300632032,
        546.7387525132,
        553.5281275782
      ],
      "exit_codes": [
        0,
        0,
        0
      ]
    }
  ]
}
